step,phase,cpu_freq_mhz,ops,P_measured_W,P_model_A_W,P_model_C_W,E_measured_J,E_model_A_J,E_model_C_J,I_measured_A,I_model_A_A,I_model_C_A,bat_meas_pct,bat_A_pct,bat_C_pct
0,idle,1494.8000794687975,0,3.5914,0.0,3.503,3.5914,0.0,3.503,2.76262,0.0,2.69462,100.0,100.0,100.0
1,idle,1504.7028235819562,0,3.7251,0.0,3.503,3.7251,0.0,3.503,2.86546,0.0,2.69462,99.999,100.0,99.999
2,idle,1493.4891024656883,0,3.15,0.0,3.503,3.15,0.0,3.503,2.42308,0.0,2.69462,99.999,100.0,99.999
3,idle,1498.418787038282,0,3.5384,0.0,3.503,3.5384,0.0,3.503,2.72185,0.0,2.69462,99.998,100.0,99.998
4,idle,1495.7347803621321,0,3.495,0.0,3.503,3.495,0.0,3.503,2.68846,0.0,2.69462,99.998,100.0,99.998
5,idle,1503.8889596771448,0,3.7638,0.0,3.503,3.7638,0.0,3.503,2.89523,0.0,2.69462,99.997,100.0,99.997
6,idle,1505.6362060348401,0,3.5198,0.0,3.503,3.5198,0.0,3.503,2.70754,0.0,2.69462,99.997,100.0,99.997
7,idle,1495.7035376855838,0,3.6403,0.0,3.503,3.6403,0.0,3.503,2.80023,0.0,2.69462,99.996,100.0,99.996
8,idle,1495.205586995855,0,3.6106,0.0,3.503,3.6106,0.0,3.503,2.77738,0.0,2.69462,99.996,100.0,99.996
9,idle,1499.7503704450687,0,3.7635,0.0,3.503,3.7635,0.0,3.503,2.895,0.0,2.69462,99.995,100.0,99.995
10,idle,1496.5953522779803,0,3.4445,0.0,3.503,3.4445,0.0,3.503,2.64962,0.0,2.69462,99.995,100.0,99.995
11,idle,1499.227352589656,0,3.8668,0.0,3.503,3.8668,0.0,3.503,2.97446,0.0,2.69462,99.994,100.0,99.994
12,idle,1498.2393322475589,0,3.3715,0.0,3.503,3.3715,0.0,3.503,2.59346,0.0,2.69462,99.994,100.0,99.994
13,idle,1501.8272203218205,0,3.6597,0.0,3.503,3.6597,0.0,3.503,2.81515,0.0,2.69462,99.993,100.0,99.993
14,idle,1502.1541050150395,0,3.6238,0.0,3.503,3.6238,0.0,3.503,2.78754,0.0,2.69462,99.993,100.0,99.993
15,idle,1497.967924918077,0,4.1425,0.0,3.503,4.1425,0.0,3.503,3.18654,0.0,2.69462,99.992,100.0,99.992
16,idle,1495.9311363587606,0,3.3463,0.0,3.503,3.3463,0.0,3.503,2.57408,0.0,2.69462,99.991,100.0,99.992
17,idle,1505.6448614636045,0,3.6848,0.0,3.503,3.6848,0.0,3.503,2.83446,0.0,2.69462,99.991,100.0,99.991
18,idle,1495.7992176151874,0,3.4658,0.0,3.503,3.4658,0.0,3.503,2.666,0.0,2.69462,99.99,100.0,99.991
19,idle,1503.2529639391234,0,3.2527,0.0,3.503,3.2527,0.0,3.503,2.50208,0.0,2.69462,99.99,100.0,99.99
20,idle,1502.715771341526,0,3.723,0.0,3.503,3.723,0.0,3.503,2.86385,0.0,2.69462,99.99,100.0,99.99
21,idle,1501.1608066153335,0,3.3003,0.0,3.503,3.3003,0.0,3.503,2.53869,0.0,2.69462,99.989,100.0,99.989
22,idle,1501.093442983645,0,3.535,0.0,3.503,3.535,0.0,3.503,2.71923,0.0,2.69462,99.989,100.0,99.989
23,idle,1501.1179777438733,0,3.7614,0.0,3.503,3.7614,0.0,3.503,2.89338,0.0,2.69462,99.988,100.0,99.988
24,idle,1500.3378953474444,0,3.7037,0.0,3.503,3.7037,0.0,3.503,2.849,0.0,2.69462,99.988,100.0,99.988
25,idle,1503.1564411291927,0,3.5867,0.0,3.503,3.5867,0.0,3.503,2.759,0.0,2.69462,99.987,100.0,99.987
26,idle,1498.4016439182135,0,3.15,0.0,3.503,3.15,0.0,3.503,2.42308,0.0,2.69462,99.987,100.0,99.987
27,idle,1496.8056107587834,0,3.3589,0.0,3.503,3.3589,0.0,3.503,2.58377,0.0,2.69462,99.986,100.0,99.986
28,idle,1507.474706556172,0,3.4175,0.0,3.503,3.4175,0.0,3.503,2.62885,0.0,2.69462,99.986,100.0,99.986
29,idle,1504.8413917729574,0,3.2403,0.0,3.503,3.2403,0.0,3.503,2.49254,0.0,2.69462,99.985,100.0,99.985
30,idle,1498.3255748500712,0,3.15,0.0,3.503,3.15,0.0,3.503,2.42308,0.0,2.69462,99.985,100.0,99.985
31,idle,1502.9311116567965,0,3.5488,0.0,3.503,3.5488,0.0,3.503,2.72985,0.0,2.69462,99.984,100.0,99.984
32,idle,1503.9667361759996,0,3.7134,0.0,3.503,3.7134,0.0,3.503,2.85646,0.0,2.69462,99.984,100.0,99.984
33,idle,1497.6882410366773,0,3.3954,0.0,3.503,3.3954,0.0,3.503,2.61185,0.0,2.69462,99.983,100.0,99.983
34,idle,1499.043478375592,0,3.7574,0.0,3.503,3.7574,0.0,3.503,2.89031,0.0,2.69462,99.983,100.0,99.983
35,idle,1494.3335639299826,0,3.15,0.0,3.503,3.15,0.0,3.503,2.42308,0.0,2.69462,99.982,100.0,99.982
36,idle,1502.485803720269,0,3.2242,0.0,3.503,3.2242,0.0,3.503,2.48015,0.0,2.69462,99.982,100.0,99.982
37,idle,1503.452426770339,0,3.5427,0.0,3.503,3.5427,0.0,3.503,2.72515,0.0,2.69462,99.981,100.0,99.982
38,idle,1500.7926984553835,0,3.3718,0.0,3.503,3.3718,0.0,3.503,2.59369,0.0,2.69462,99.981,100.0,99.981
39,idle,1498.453267301399,0,3.6877,0.0,3.503,3.6877,0.0,3.503,2.83669,0.0,2.69462,99.98,100.0,99.981
40,idle,1496.6903702946668,0,3.637,0.0,3.503,3.637,0.0,3.503,2.79769,0.0,2.69462,99.98,100.0,99.98
41,idle,1498.0913105300083,0,3.3911,0.0,3.503,3.3911,0.0,3.503,2.60854,0.0,2.69462,99.979,100.0,99.98
42,idle,1502.4348624039278,0,3.15,0.0,3.503,3.15,0.0,3.503,2.42308,0.0,2.69462,99.979,100.0,99.979
43,idle,1500.0624705936384,0,3.3592,0.0,3.503,3.3592,0.0,3.503,2.584,0.0,2.69462,99.979,100.0,99.979
44,idle,1502.2326558801497,0,3.6442,0.0,3.503,3.6442,0.0,3.503,2.80323,0.0,2.69462,99.978,100.0,99.978
45,idle,1499.507572577453,0,3.6996,0.0,3.503,3.6996,0.0,3.503,2.84585,0.0,2.69462,99.978,100.0,99.978
46,idle,1499.601408945468,0,3.373,0.0,3.503,3.373,0.0,3.503,2.59462,0.0,2.69462,99.977,100.0,99.977
47,idle,1492.7644376378846,0,3.15,0.0,3.503,3.15,0.0,3.503,2.42308,0.0,2.69462,99.977,100.0,99.977
48,idle,1495.0137658619926,0,3.15,0.0,3.503,3.15,0.0,3.503,2.42308,0.0,2.69462,99.976,100.0,99.976
49,idle,1495.4726047231998,0,3.6199,0.0,3.503,3.6199,0.0,3.503,2.78454,0.0,2.69462,99.976,100.0,99.976
50,partial,1506.4961414889303,18000000000,5.8866,4.9042,6.0026,5.8866,4.9042,6.0026,4.52815,3.77249,4.61738,99.975,99.999,99.975
51,partial,1503.6875778423355,18000000000,5.8931,4.8768,6.0026,5.8931,4.8768,6.0026,4.53315,3.75139,4.61738,99.974,99.999,99.974
52,partial,1498.972812210662,18000000000,5.7199,4.831,6.0026,5.7199,4.831,6.0026,4.39992,3.71615,4.61738,99.973,99.998,99.973
53,partial,1498.304834620497,18000000000,5.715,4.8245,6.0026,5.715,4.8245,6.0026,4.39615,3.71117,4.61738,99.972,99.997,99.972
54,partial,1491.3633978840382,18000000000,6.2521,4.7576,6.0026,6.2521,4.7576,6.0026,4.80931,3.65973,4.61738,99.972,99.997,99.972
55,partial,1501.1886780116613,18000000000,6.1303,4.8525,6.0026,6.1303,4.8525,6.0026,4.71562,3.73268,4.61738,99.971,99.996,99.971
56,partial,1492.7697107280578,18000000000,5.8218,4.7711,6.0026,5.8218,4.7711,6.0026,4.47831,3.67011,4.61738,99.97,99.995,99.97
57,partial,1497.352536454681,18000000000,6.0216,4.8153,6.0026,6.0216,4.8153,6.0026,4.632,3.70409,4.61738,99.969,99.995,99.969
58,partial,1500.1092607276173,18000000000,6.0698,4.842,6.0026,6.0698,4.842,6.0026,4.66908,3.72462,4.61738,99.968,99.994,99.968
59,partial,1498.803221862635,18000000000,6.4805,4.8293,6.0026,6.4805,4.8293,6.0026,4.985,3.71488,4.61738,99.967,99.993,99.967
60,partial,1500.8963781747816,18000000000,5.693,4.8496,6.0026,5.693,4.8496,6.0026,4.37923,3.7305,4.61738,99.967,99.993,99.967
61,partial,1506.7959378762023,18000000000,6.066,4.9072,6.0026,6.066,4.9072,6.0026,4.66615,3.77475,4.61738,99.966,99.992,99.966
62,partial,1501.7843552957474,18000000000,6.2505,4.8583,6.0026,6.2505,4.8583,6.0026,4.80808,3.73714,4.61738,99.965,99.991,99.965
63,partial,1494.0561847283857,18000000000,6.439,4.7835,6.0026,6.439,4.7835,6.0026,4.95308,3.67963,4.61738,99.964,99.991,99.964
64,partial,1495.3671202929725,18000000000,5.8081,4.7961,6.0026,5.8081,4.7961,6.0026,4.46777,3.68934,4.61738,99.963,99.99,99.963
65,partial,1493.1165692622185,18000000000,5.8831,4.7745,6.0026,5.8831,4.7745,6.0026,4.52546,3.67268,4.61738,99.962,99.989,99.962
66,partial,1498.888886514506,18000000000,6.1905,4.8302,6.0026,6.1905,4.8302,6.0026,4.76192,3.71552,4.61738,99.961,99.989,99.962
67,partial,1494.9221045939623,18000000000,5.5588,4.7919,6.0026,5.5588,4.7919,6.0026,4.276,3.68604,4.61738,99.961,99.988,99.961
68,partial,1504.1906328394718,18000000000,6.0941,4.8817,6.0026,6.0941,4.8817,6.0026,4.68777,3.75517,4.61738,99.96,99.987,99.96
69,partial,1514.5693123300366,18000000000,6.599,4.9837,6.0026,6.599,4.9837,6.0026,5.07615,3.83359,4.61738,99.959,99.987,99.959
70,partial,1495.0523093998406,18000000000,6.1243,4.7931,6.0026,6.1243,4.7931,6.0026,4.711,3.68701,4.61738,99.958,99.986,99.958
71,partial,1501.3385573117191,18000000000,5.3604,4.8539,6.0026,5.3604,4.8539,6.0026,4.12338,3.7338,4.61738,99.957,99.985,99.957
72,partial,1497.9232136991016,18000000000,5.7561,4.8208,6.0026,5.7561,4.8208,6.0026,4.42777,3.70833,4.61738,99.957,99.985,99.956
73,partial,1499.296045567918,18000000000,5.8164,4.8341,6.0026,5.8164,4.8341,6.0026,4.47415,3.71856,4.61738,99.956,99.984,99.956
74,partial,1500.7852428372266,18000000000,6.3198,4.8486,6.0026,6.3198,4.8486,6.0026,4.86138,3.72967,4.61738,99.955,99.983,99.955
75,partial,1494.8217312358709,18000000000,5.9524,4.7909,6.0026,5.9524,4.7909,6.0026,4.57877,3.6853,4.61738,99.954,99.983,99.954
76,partial,1497.5684604546334,18000000000,5.4976,4.8174,6.0026,5.4976,4.8174,6.0026,4.22892,3.70569,4.61738,99.953,99.982,99.953
77,partial,1508.8396495678994,18000000000,5.9839,4.9272,6.0026,5.9839,4.9272,6.0026,4.603,3.79016,4.61738,99.952,99.981,99.952
78,partial,1504.9136975551153,18000000000,6.0391,4.8888,6.0026,6.0391,4.8888,6.0026,4.64546,3.76059,4.61738,99.952,99.981,99.951
79,partial,1494.075281167915,18000000000,5.8502,4.7837,6.0026,5.8502,4.7837,6.0026,4.50015,3.67977,4.61738,99.951,99.98,99.951
80,partial,1496.3738696773212,18000000000,5.7105,4.8059,6.0026,5.7105,4.8059,6.0026,4.39269,3.69681,4.61738,99.95,99.979,99.95
81,partial,1495.893066603878,18000000000,6.6385,4.8012,6.0026,6.6385,4.8012,6.0026,5.10654,3.69324,4.61738,99.949,99.979,99.949
82,partial,1495.485364109565,18000000000,6.2515,4.7973,6.0026,6.2515,4.7973,6.0026,4.80885,3.69022,4.61738,99.948,99.978,99.948
83,partial,1501.9247548305293,18000000000,6.2795,4.8596,6.0026,6.2795,4.8596,6.0026,4.83038,3.73819,4.61738,99.947,99.977,99.947
84,partial,1499.7961873693228,18000000000,5.953,4.839,6.0026,5.953,4.839,6.0026,4.57923,3.72229,4.61738,99.946,99.976,99.946
85,partial,1502.2303610074105,18000000000,5.8036,4.8626,6.0026,5.8036,4.8626,6.0026,4.46431,3.74047,4.61738,99.946,99.976,99.946
86,partial,1493.8719711811639,18000000000,5.8635,4.7817,6.0026,5.8635,4.7817,6.0026,4.51038,3.67827,4.61738,99.945,99.975,99.945
87,partial,1500.8629395886105,18000000000,5.6166,4.8493,6.0026,5.6166,4.8493,6.0026,4.32046,3.73025,4.61738,99.944,99.974,99.944
88,partial,1500.7999580678672,18000000000,6.4737,4.8487,6.0026,6.4737,4.8487,6.0026,4.97977,3.72978,4.61738,99.943,99.974,99.943
89,partial,1501.4291306980126,18000000000,5.9644,4.8548,6.0026,5.9644,4.8548,6.0026,4.588,3.73448,4.61738,99.942,99.973,99.942
90,partial,1501.0969125068193,18000000000,6.3918,4.8516,6.0026,6.3918,4.8516,6.0026,4.91677,3.732,4.61738,99.941,99.972,99.941
91,partial,1505.5314435502994,18000000000,5.8767,4.8948,6.0026,5.8767,4.8948,6.0026,4.52054,3.76524,4.61738,99.941,99.972,99.941
92,partial,1507.67877995998,18000000000,6.1286,4.9158,6.0026,6.1286,4.9158,6.0026,4.71431,3.7814,4.61738,99.94,99.971,99.94
93,partial,1493.8776548413975,18000000000,6.055,4.7818,6.0026,6.055,4.7818,6.0026,4.65769,3.67831,4.61738,99.939,99.97,99.939
94,partial,1508.2546396611563,18000000000,5.5896,4.9215,6.0026,5.5896,4.9215,6.0026,4.29969,3.78574,4.61738,99.938,99.97,99.938
95,partial,1499.102403933587,18000000000,6.5171,4.8322,6.0026,6.5171,4.8322,6.0026,5.01315,3.71711,4.61738,99.937,99.969,99.937
96,partial,1507.307221461211,18000000000,5.885,4.9122,6.0026,5.885,4.9122,6.0026,4.52692,3.7786,4.61738,99.936,99.968,99.936
97,partial,1495.5263649052208,18000000000,5.6679,4.7977,6.0026,5.6679,4.7977,6.0026,4.35992,3.69052,4.61738,99.936,99.968,99.936
98,partial,1498.026974385702,18000000000,6.193,4.8218,6.0026,6.193,4.8218,6.0026,4.76385,3.7091,4.61738,99.935,99.967,99.935
99,partial,1499.1827855073775,18000000000,5.9985,4.833,6.0026,5.9985,4.833,6.0026,4.61423,3.71771,4.61738,99.934,99.966,99.934
100,full,1507.0374093065686,36000000000,8.6013,9.8191,8.4919,8.6013,9.8191,8.4919,6.61638,7.55314,6.53223,99.933,99.965,99.933
101,full,1503.2196939663843,36000000000,8.5272,9.7445,8.4919,8.5272,9.7445,8.4919,6.55938,7.49577,6.53223,99.932,99.964,99.932
102,full,1499.7564079903493,36000000000,7.8849,9.6772,8.4919,7.8849,9.6772,8.4919,6.06531,7.44398,6.53223,99.931,99.962,99.93
103,full,1493.9059346978818,36000000000,8.247,9.5641,8.4919,8.247,9.5641,8.4919,6.34385,7.35703,6.53223,99.929,99.961,99.929
104,full,1498.329382796496,36000000000,8.2366,9.6495,8.4919,8.2366,9.6495,8.4919,6.33585,7.42271,6.53223,99.928,99.96,99.928
105,full,1493.3680364113022,36000000000,8.7748,9.5538,8.4919,8.7748,9.5538,8.4919,6.74985,7.34907,6.53223,99.927,99.958,99.927
106,full,1497.579152833332,36000000000,8.5092,9.635,8.4919,8.5092,9.635,8.4919,6.54554,7.41154,6.53223,99.926,99.957,99.926
107,full,1505.013789126523,36000000000,8.4017,9.7795,8.4919,8.4017,9.7795,8.4919,6.46285,7.52269,6.53223,99.925,99.956,99.925
108,full,1506.6869905372137,36000000000,8.6614,9.8122,8.4919,8.6614,9.8122,8.4919,6.66262,7.54786,6.53223,99.923,99.954,99.923
109,full,1496.5202869416464,36000000000,8.4536,9.6145,8.4919,8.4536,9.6145,8.4919,6.50277,7.3958,6.53223,99.922,99.953,99.922
110,full,1501.2124839563562,36000000000,8.4328,9.7054,8.4919,8.4328,9.7054,8.4919,6.48677,7.46572,6.53223,99.921,99.952,99.921
111,full,1494.578059638833,36000000000,8.553,9.5771,8.4919,8.553,9.5771,8.4919,6.57923,7.36699,6.53223,99.92,99.95,99.92
112,full,1501.1411416506946,36000000000,8.5271,9.7041,8.4919,8.5271,9.7041,8.4919,6.55931,7.46466,6.53223,99.919,99.949,99.919
113,full,1509.3842230564082,36000000000,9.2552,9.8651,8.4919,9.2552,9.8651,8.4919,7.11938,7.58855,6.53223,99.917,99.948,99.917
114,full,1498.5630831922542,36000000000,8.244,9.654,8.4919,8.244,9.654,8.4919,6.34154,7.42619,6.53223,99.916,99.946,99.916
115,full,1497.0464649301825,36000000000,8.061,9.6247,8.4919,8.061,9.6247,8.4919,6.20077,7.40362,6.53223,99.915,99.945,99.915
116,full,1506.0292681044411,36000000000,8.5947,9.7993,8.4919,8.5947,9.7993,8.4919,6.61131,7.53796,6.53223,99.914,99.944,99.914
117,full,1496.729267799661,36000000000,8.2813,9.6186,8.4919,8.2813,9.6186,8.4919,6.37023,7.39891,6.53223,99.913,99.942,99.913
118,full,1499.1866703972755,36000000000,7.8558,9.6661,8.4919,7.8558,9.6661,8.4919,6.04292,7.43548,6.53223,99.912,99.941,99.912
119,full,1497.3528028631697,36000000000,8.1813,9.6306,8.4919,8.1813,9.6306,8.4919,6.29331,7.40818,6.53223,99.911,99.939,99.91
120,full,1499.5286872287372,36000000000,8.2369,9.6728,8.4919,8.2369,9.6728,8.4919,6.33608,7.44058,6.53223,99.909,99.938,99.909
121,full,1492.664773773045,36000000000,7.9727,9.5403,8.4919,7.9727,9.5403,8.4919,6.13285,7.33868,6.53223,99.908,99.937,99.908
122,full,1493.5628870936298,36000000000,9.1388,9.5575,8.4919,9.1388,9.5575,8.4919,7.02985,7.35196,6.53223,99.907,99.935,99.907
123,full,1509.1845676416065,36000000000,8.171,9.8612,8.4919,8.171,9.8612,8.4919,6.28538,7.58553,6.53223,99.906,99.934,99.906
124,full,1494.1421668558733,36000000000,9.3715,9.5687,8.4919,9.3715,9.5687,8.4919,7.20885,7.36053,6.53223,99.905,99.933,99.905
125,full,1501.7077777547026,36000000000,8.3895,9.7151,8.4919,8.3895,9.7151,8.4919,6.45346,7.47313,6.53223,99.903,99.931,99.903
126,full,1495.0657146078588,36000000000,9.0186,9.5865,8.4919,9.0186,9.5865,8.4919,6.93738,7.37421,6.53223,99.902,99.93,99.902
127,full,1503.8866878803087,36000000000,8.4264,9.7575,8.4919,8.4264,9.7575,8.4919,6.48185,7.50577,6.53223,99.901,99.929,99.901
128,full,1498.1192196438494,36000000000,8.6304,9.6455,8.4919,8.6304,9.6455,8.4919,6.63877,7.41958,6.53223,99.9,99.927,99.9
129,full,1493.12552095815,36000000000,8.4599,9.5491,8.4919,8.4599,9.5491,8.4919,6.50762,7.34549,6.53223,99.899,99.926,99.899
130,full,1498.6680625499553,36000000000,8.4285,9.6561,8.4919,8.4285,9.6561,8.4919,6.48346,7.42775,6.53223,99.898,99.925,99.897
131,full,1497.223363905905,36000000000,8.5697,9.6281,8.4919,8.5697,9.6281,8.4919,6.59208,7.40625,6.53223,99.896,99.923,99.896
132,full,1505.0635790890992,36000000000,8.6415,9.7805,8.4919,8.6415,9.7805,8.4919,6.64731,7.52344,6.53223,99.895,99.922,99.895
133,full,1501.758782041996,36000000000,8.5466,9.7161,8.4919,8.5466,9.7161,8.4919,6.57431,7.47389,6.53223,99.894,99.921,99.894
134,full,1500.000421965457,36000000000,8.5159,9.6819,8.4919,8.5159,9.6819,8.4919,6.55069,7.44762,6.53223,99.893,99.919,99.893
135,full,1501.5824713083666,36000000000,8.2835,9.7126,8.4919,8.2835,9.7126,8.4919,6.37192,7.47126,6.53223,99.892,99.918,99.892
136,full,1510.465841544653,36000000000,8.4708,9.8864,8.4919,8.4708,9.8864,8.4919,6.516,7.6049,6.53223,99.89,99.917,99.89
137,full,1501.9292327627825,36000000000,8.972,9.7194,8.4919,8.972,9.7194,8.4919,6.90154,7.47644,6.53223,99.889,99.915,99.889
138,full,1494.4379426400828,36000000000,8.2711,9.5744,8.4919,8.2711,9.5744,8.4919,6.36238,7.36491,6.53223,99.888,99.914,99.888
139,full,1501.3137461257356,36000000000,8.8573,9.7074,8.4919,8.8573,9.7074,8.4919,6.81331,7.46724,6.53223,99.887,99.913,99.887
140,full,1491.277070065129,36000000000,8.644,9.5136,8.4919,8.644,9.5136,8.4919,6.64923,7.31819,6.53223,99.886,99.911,99.886
141,full,1502.2721016910718,36000000000,8.7782,9.726,8.4919,8.7782,9.726,8.4919,6.75246,7.48157,6.53223,99.884,99.91,99.884
142,full,1497.6423759627503,36000000000,8.1669,9.6362,8.4919,8.1669,9.6362,8.4919,6.28223,7.41248,6.53223,99.883,99.909,99.883
143,full,1500.2623339917811,36000000000,8.5791,9.687,8.4919,8.5791,9.687,8.4919,6.59931,7.45153,6.53223,99.882,99.907,99.882
144,full,1499.4825586596703,36000000000,8.4123,9.6719,8.4919,8.4123,9.6719,8.4919,6.471,7.43989,6.53223,99.881,99.906,99.881
145,full,1500.7628125605124,36000000000,8.4244,9.6967,8.4919,8.4244,9.6967,8.4919,6.48031,7.459,6.53223,99.88,99.905,99.88
146,full,1487.1667077953434,36000000000,8.9414,9.435,8.4919,8.9414,9.435,8.4919,6.878,7.25772,6.53223,99.878,99.903,99.879
147,full,1500.8825621068622,36000000000,8.4289,9.699,8.4919,8.4289,9.699,8.4919,6.48377,7.46079,6.53223,99.877,99.902,99.877
148,full,1498.1404270933936,36000000000,8.5888,9.6459,8.4919,8.5888,9.6459,8.4919,6.60677,7.41989,6.53223,99.876,99.901,99.876
149,full,1501.6399774185707,36000000000,7.973,9.7138,8.4919,7.973,9.7138,8.4919,6.13308,7.47212,6.53223,99.875,99.899,99.875
150,return,1492.3306929754194,18000000000,6.5182,4.7669,6.0434,6.5182,4.7669,6.0434,5.014,3.66687,4.64877,99.874,99.899,99.874
151,return,1498.3573738843854,18000000000,6.2591,4.825,6.0434,6.2591,4.825,6.0434,4.81469,3.71156,4.64877,99.873,99.898,99.873
152,return,1494.7355074464801,18000000000,5.9816,4.7901,6.0434,5.9816,4.7901,6.0434,4.60123,3.68466,4.64877,99.872,99.897,99.872
153,return,1506.5002229734948,18000000000,5.8997,4.9043,6.0434,5.8997,4.9043,6.0434,4.53823,3.77252,4.64877,99.872,99.897,99.872
154,return,1508.6615580270498,18000000000,6.1748,4.9255,6.0434,6.1748,4.9255,6.0434,4.74985,3.78882,4.64877,99.871,99.896,99.871
155,return,1502.1954333946478,18000000000,6.3532,4.8623,6.0434,6.3532,4.8623,6.0434,4.88708,3.74021,4.64877,99.87,99.895,99.87
156,return,1502.1949657936914,18000000000,6.5232,4.8623,6.0434,6.5232,4.8623,6.0434,5.01785,3.74021,4.64877,99.869,99.895,99.869
157,return,1498.5171452323264,18000000000,6.2484,4.8266,6.0434,6.2484,4.8266,6.0434,4.80646,3.71275,4.64877,99.868,99.894,99.868
158,return,1496.5128808834986,18000000000,6.02,4.8072,6.0434,6.02,4.8072,6.0434,4.63077,3.69785,4.64877,99.867,99.893,99.867
159,return,1494.1084818844256,18000000000,6.2969,4.784,6.0434,6.2969,4.784,6.0434,4.84377,3.68002,4.64877,99.866,99.893,99.867
160,return,1499.0467447124743,18000000000,6.2347,4.8317,6.0434,6.2347,4.8317,6.0434,4.79592,3.7167,4.64877,99.866,99.892,99.866
161,return,1503.7543449436564,18000000000,6.3514,4.8775,6.0434,6.3514,4.8775,6.0434,4.88569,3.75189,4.64877,99.865,99.891,99.865
162,return,1503.6538734556932,18000000000,6.5462,4.8765,6.0434,6.5462,4.8765,6.0434,5.03554,3.75114,4.64877,99.864,99.89,99.864
163,return,1499.665234135509,18000000000,5.5284,4.8377,6.0434,5.5284,4.8377,6.0434,4.25262,3.72131,4.64877,99.863,99.89,99.863
164,return,1497.4086007881685,18000000000,5.6484,4.8159,6.0434,5.6484,4.8159,6.0434,4.34492,3.7045,4.64877,99.862,99.889,99.862
165,return,1503.1876690544884,18000000000,6.4534,4.8719,6.0434,6.4534,4.8719,6.0434,4.96415,3.74764,4.64877,99.861,99.888,99.862
166,return,1494.931413167798,18000000000,5.7903,4.7919,6.0434,5.7903,4.7919,6.0434,4.45408,3.68611,4.64877,99.86,99.888,99.861
167,return,1493.9171992530944,18000000000,6.0098,4.7822,6.0434,6.0098,4.7822,6.0434,4.62292,3.6786,4.64877,99.86,99.887,99.86
168,return,1501.5600473577563,18000000000,5.7987,4.8561,6.0434,5.7987,4.8561,6.0434,4.46054,3.73546,4.64877,99.859,99.886,99.859
169,return,1503.0438073611222,18000000000,6.3466,4.8705,6.0434,6.3466,4.8705,6.0434,4.882,3.74657,4.64877,99.858,99.886,99.858
170,return,1501.5218336451512,18000000000,5.3126,4.8557,6.0434,5.3126,4.8557,6.0434,4.08662,3.73517,4.64877,99.857,99.885,99.857
171,return,1502.0694514268635,18000000000,6.0216,4.8611,6.0434,6.0216,4.8611,6.0434,4.632,3.73927,4.64877,99.856,99.884,99.857
172,return,1489.6838086159762,18000000000,6.4849,4.7416,6.0434,6.4849,4.7416,6.0434,4.98838,3.64735,4.64877,99.855,99.884,99.856
173,return,1502.9545316139668,18000000000,5.8227,4.8697,6.0434,5.8227,4.8697,6.0434,4.479,3.7459,4.64877,99.855,99.883,99.855
174,return,1507.3797452402675,18000000000,5.5255,4.9129,6.0434,5.5255,4.9129,6.0434,4.25038,3.77915,4.64877,99.854,99.882,99.854
175,return,1504.2329199292171,18000000000,6.1105,4.8821,6.0434,6.1105,4.8821,6.0434,4.70038,3.75548,4.64877,99.853,99.882,99.853
176,return,1504.068818449831,18000000000,5.8287,4.8805,6.0434,5.8287,4.8805,6.0434,4.48362,3.75425,4.64877,99.852,99.881,99.852
177,return,1501.1643901006858,18000000000,6.3205,4.8523,6.0434,6.3205,4.8523,6.0434,4.86192,3.7325,4.64877,99.851,99.88,99.852
178,return,1501.3517161964087,18000000000,6.0703,4.8541,6.0434,6.0703,4.8541,6.0434,4.66946,3.7339,4.64877,99.851,99.88,99.851
179,return,1499.2623565987983,18000000000,5.741,4.8338,6.0434,5.741,4.8338,6.0434,4.41615,3.7183,4.64877,99.85,99.879,99.85
180,return,1501.9169693217675,18000000000,5.9542,4.8596,6.0434,5.9542,4.8596,6.0434,4.58015,3.73813,4.64877,99.849,99.878,99.849
181,return,1494.707319590108,18000000000,6.2999,4.7898,6.0434,6.2999,4.7898,6.0434,4.84608,3.68445,4.64877,99.848,99.878,99.848
182,return,1507.4072777382949,18000000000,5.9625,4.9132,6.0434,5.9625,4.9132,6.0434,4.58654,3.77936,4.64877,99.847,99.877,99.847
183,return,1495.8887499135485,18000000000,5.7769,4.8012,6.0434,5.7769,4.8012,6.0434,4.44377,3.69321,4.64877,99.846,99.876,99.846
184,return,1504.2219259524265,18000000000,6.0607,4.882,6.0434,6.0607,4.882,6.0434,4.66208,3.7554,4.64877,99.846,99.876,99.846
185,return,1506.644802952185,18000000000,6.0034,4.9057,6.0434,6.0034,4.9057,6.0434,4.618,3.77361,4.64877,99.845,99.875,99.845
186,return,1504.2091003344503,18000000000,6.257,4.8819,6.0434,6.257,4.8819,6.0434,4.81308,3.7553,4.64877,99.844,99.874,99.844
187,return,1511.6382655017305,18000000000,6.1662,4.9547,6.0434,6.1662,4.9547,6.0434,4.74323,3.81133,4.64877,99.843,99.874,99.843
188,return,1489.9823885396675,18000000000,5.9385,4.7444,6.0434,5.9385,4.7444,6.0434,4.56808,3.64955,4.64877,99.842,99.873,99.842
189,return,1497.7115028452158,18000000000,6.4813,4.8188,6.0434,6.4813,4.8188,6.0434,4.98562,3.70676,4.64877,99.841,99.872,99.841
190,return,1506.5477534243025,18000000000,6.0324,4.9047,6.0434,6.0324,4.9047,6.0434,4.64031,3.77288,4.64877,99.84,99.872,99.841
191,return,1493.7417639294692,18000000000,5.5193,4.7805,6.0434,5.5193,4.7805,6.0434,4.24562,3.6773,4.64877,99.84,99.871,99.84
192,return,1496.0293185498729,18000000000,5.5196,4.8025,6.0434,5.5196,4.8025,6.0434,4.24585,3.69426,4.64877,99.839,99.87,99.839
193,return,1502.6209392140638,18000000000,6.1319,4.8664,6.0434,6.1319,4.8664,6.0434,4.71685,3.7434,4.64877,99.838,99.87,99.838
194,return,1492.9361705805381,18000000000,6.0829,4.7727,6.0434,6.0829,4.7727,6.0434,4.67915,3.67134,4.64877,99.837,99.869,99.837
195,return,1500.271767926952,18000000000,5.307,4.8436,6.0434,5.307,4.8436,6.0434,4.08231,3.72583,4.64877,99.836,99.868,99.836
196,return,1502.296928858583,18000000000,5.8585,4.8633,6.0434,5.8585,4.8633,6.0434,4.50654,3.74097,4.64877,99.836,99.868,99.836
197,return,1500.6912071602935,18000000000,6.2106,4.8477,6.0434,6.2106,4.8477,6.0434,4.77738,3.72897,4.64877,99.835,99.867,99.835
198,return,1501.1460568705754,18000000000,6.228,4.8521,6.0434,6.228,4.8521,6.0434,4.79077,3.73237,4.64877,99.834,99.866,99.834
199,return,1496.4766336856505,18000000000,6.159,4.8068,6.0434,6.159,4.8068,6.0434,4.73769,3.69758,4.64877,99.833,99.866,99.833
